Title, Company, Location, URL 
React/node Fullstack Developer,CloudDevs,North America Only/Latin America Only/Americas Only/UK Only/Canada Only,https://weworkremotely.com/remote-jobs/clouddevs-react-node-fullstack-developer
Senior React Native Developer: Long-term job - 100% remote,Proxify AB,Latin America Only/Europe Only/EMEA Only,https://weworkremotely.com/remote-jobs/proxify-ab-senior-react-native-developer-long-term-job-100-remote
Senior Open Source Developer & DevOps (Python  Django  React  AWS/OpenStack),OpenCraft,Anywhere in the World,https://weworkremotely.com/remote-jobs/opencraft-senior-open-source-developer-devops-python-django-react-aws-openstack
Freelance React Developer,Folks,Anywhere in the World,https://weworkremotely.com/remote-jobs/folks-freelance-react-developer
Senior or Staff Frontend Engineer - React (100% Remote),Close,USA Only,https://weworkremotely.com/remote-jobs/close-senior-or-staff-frontend-engineer-react-100-remote-4
Flutter or React Native developer,Appy Ventures,Europe Only,https://weworkremotely.com/remote-jobs/appy-ventures-flutter-or-react-native-developer
Typescript React Fullstack Developer Senior,CloudDevs ,💃 Latin America,https://remoteok.com//remote-jobs/remote-typescript-react-fullstack-developer-senior-clouddevs-340913
Frontend UX Engineer,Roadie ,🇪🇺 Europe,https://remoteok.com//remote-jobs/remote-frontend-ux-engineer-roadie-439428
Front End Engineer,Brainscape ,🇺🇸 United States,https://remoteok.com//remote-jobs/remote-front-end-engineer-brainscape-422503
Mid senior Developer Laravel PHP AI Startup for WordPress,CodeWP ,🇪🇺 Europe,https://remoteok.com//remote-jobs/remote-mid-senior-developer-laravel-php-ai-startup-for-wordpress-codewp-416968
Senior Full stack React Developer,Lemon.io ,🇪🇺 Europe,https://remoteok.com//remote-jobs/remote-senior-full-stack-react-developer-lemon-io-410839
Front End Engineer,MultiversX ,Europe,https://remoteok.com//remote-jobs/remote-front-end-engineer-multiversx-238927
Software Engineer,Thirdwave ,San Francisco  CA,https://remoteok.com//remote-jobs/remote-software-engineer-thirdwave-234881
Senior QA & DevOps Engineer,Premia ,💰 $70k - $120k*,https://remoteok.com//remote-jobs/remote-senior-qa-devops-engineer-premia-201650
Primum Full Stack Developer,Stealth Ventures at Redesign Health ,🇺🇸 United States,https://remoteok.com//remote-jobs/remote-primum-full-stack-developer-stealth-ventures-at-redesign-health-171550
Associate Frontend Engineer,RVO Health ,🌏 Probably worldwide,https://remoteok.com//remote-jobs/remote-associate-frontend-engineer-rvo-health-169738
Frontend Engineer,Butternut Box ,🇬🇧 United Kingdom,https://remoteok.com//remote-jobs/remote-frontend-engineer-butternut-box-165152
Senior Software Engineer Activation & Engagement,Loom  Inc. ,🇺🇸 United States,https://remoteok.com//remote-jobs/remote-senior-software-engineer-activation-engagement-loom-inc-157571
Senior Product Designer,Thirty Madison ,🇺🇸 United States,https://remoteok.com//remote-jobs/remote-senior-product-designer-thirty-madison-156370
Technical Project Manager Senior,CareRev ,🇺🇸 United States,https://remoteok.com//remote-jobs/remote-technical-project-manager-senior-carerev-146153
Senior Software Engineer Backend,Stord ,🇺🇸 United States,https://remoteok.com//remote-jobs/remote-senior-software-engineer-backend-stord-146149
Software Engineer Front End,BambooHR ,🇺🇸 United States,https://remoteok.com//remote-jobs/remote-software-engineer-front-end-bamboohr-145644
Senior QA Engineer_Mobile,BrightInsight ,🇮🇳 India,https://remoteok.com//remote-jobs/remote-senior-qa-engineer-mobile-brightinsight-143164
Senior Full Stack Software Engineer US,Seamless.AI ,🇺🇸 United States,https://remoteok.com//remote-jobs/remote-senior-full-stack-software-engineer-us-seamless-ai-142649
Full Stack Developer,TaskHuman Corporate ,🌏 Probably worldwide,https://remoteok.com//remote-jobs/remote-full-stack-developer-taskhuman-corporate-141722
Android Engineer Senior,CareRev ,🇺🇸 United States,https://remoteok.com//remote-jobs/remote-android-engineer-senior-carerev-140680
